"date","rate"
2018-01-01,NA
2018-01-02,6.552
2018-01-03,6.539
2018-01-04,6.527
2018-01-05,6.529
2018-01-06,6.529
2018-01-07,6.529
2018-01-08,6.549
2018-01-09,6.537
2018-01-10,6.547
2018-01-11,6.548
2018-01-12,6.529
2018-01-13,6.529
2018-01-14,6.529
2018-01-15,6.537
2018-01-16,6.525
2018-01-17,6.523
2018-01-18,6.531
2018-01-19,6.522
2018-01-20,6.522
2018-01-21,6.522
2018-01-22,6.521
2018-01-23,6.52
2018-01-24,6.513
2018-01-25,6.504
2018-01-26,6.51
2018-01-27,6.51
2018-01-28,6.51
2018-01-29,6.526
2018-01-30,6.512
2018-01-31,6.495
2018-02-01,6.514
2018-02-02,6.516
2018-02-03,6.516
2018-02-04,6.516
2018-02-05,6.524
2018-02-06,6.525
2018-02-07,6.509
2018-02-08,6.538
2018-02-09,6.537
2018-02-10,6.537
2018-02-11,6.537
2018-02-12,6.516
2018-02-13,6.526
2018-02-14,6.514
2018-02-15,6.496
2018-02-16,6.536
2018-02-17,6.536
2018-02-18,6.536
2018-02-19,6.519
2018-02-20,6.512
2018-02-21,6.552
2018-02-22,6.521
2018-02-23,6.527
2018-02-24,6.527
2018-02-25,6.527
2018-02-26,6.536
2018-02-27,6.549
2018-02-28,6.555
2018-03-01,6.53
2018-03-02,6.551
2018-03-03,6.551
2018-03-04,6.551
2018-03-05,6.549
2018-03-06,6.545
2018-03-07,6.542
2018-03-08,6.544
2018-03-09,6.551
2018-03-10,6.551
2018-03-11,6.551
2018-03-12,6.548
2018-03-13,6.554
2018-03-14,6.552
2018-03-15,6.507
2018-03-16,6.517
2018-03-17,6.517
2018-03-18,6.517
2018-03-19,6.51
2018-03-20,6.512
2018-03-21,6.512
2018-03-22,6.514
2018-03-23,6.5
2018-03-24,6.5
2018-03-25,6.5
2018-03-26,6.519
2018-03-27,6.529
2018-03-28,6.5
2018-03-29,6.303
2018-03-30,6.303
2018-03-31,6.303
2018-04-01,6.303
2018-04-02,6.303
2018-04-03,6.256
2018-04-04,6.269
2018-04-05,6.259
2018-04-06,6.254
2018-04-07,6.254
2018-04-08,6.254
2018-04-09,6.282
2018-04-10,6.273
2018-04-11,6.274
2018-04-12,6.273
2018-04-13,6.266
2018-04-14,6.266
2018-04-15,6.266
2018-04-16,6.254
2018-04-17,6.26
2018-04-18,6.252
2018-04-19,6.263
2018-04-20,6.239
2018-04-21,6.239
2018-04-22,6.239
2018-04-23,6.266
2018-04-24,6.266
2018-04-25,6.276
2018-04-26,6.279
2018-04-27,6.279
2018-04-28,6.279
2018-04-29,6.279
2018-04-30,6.315
2018-05-01,6.315
2018-05-02,6.275
2018-05-03,6.283
2018-05-04,6.281
2018-05-05,6.281
2018-05-06,6.281
2018-05-07,6.267
2018-05-08,6.29
2018-05-09,6.255
2018-05-10,6.281
2018-05-11,6.281
2018-05-12,6.281
2018-05-13,6.281
2018-05-14,6.271
2018-05-15,6.27
2018-05-16,6.275
2018-05-17,6.278
2018-05-18,6.272
2018-05-19,6.272
2018-05-20,6.272
2018-05-21,6.271
2018-05-22,6.272
2018-05-23,6.262
2018-05-24,6.274
2018-05-25,6.239
2018-05-26,6.239
2018-05-27,6.239
2018-05-28,6.26
2018-05-29,6.259
2018-05-30,6.259
2018-05-31,6.268
2018-06-01,6.263
2018-06-02,6.263
2018-06-03,6.263
2018-06-04,6.245
2018-06-05,6.244
2018-06-06,6.246
2018-06-07,6.252
2018-06-08,6.286
2018-06-09,6.286
2018-06-10,6.286
2018-06-11,6.284
2018-06-12,6.273
2018-06-13,6.275
2018-06-14,6.269
2018-06-15,6.267
2018-06-16,6.267
2018-06-17,6.267
2018-06-18,6.266
2018-06-19,6.262
2018-06-20,6.264
2018-06-21,6.249
2018-06-22,6.249
2018-06-23,6.249
2018-06-24,6.249
2018-06-25,6.272
2018-06-26,6.256
2018-06-27,6.261
2018-06-28,6.258
2018-06-29,6.265
2018-06-30,6.265
2018-07-01,6.265
2018-07-02,6.276
2018-07-03,6.285
2018-07-04,6.279
2018-07-05,6.286
2018-07-06,6.296
2018-07-07,6.296
2018-07-08,6.296
2018-07-09,6.308
2018-07-10,6.268
2018-07-11,6.265
2018-07-12,6.279
2018-07-13,6.277
2018-07-14,6.277
2018-07-15,6.277
2018-07-16,6.28
2018-07-17,6.267
2018-07-18,6.255
2018-07-19,6.283
2018-07-20,6.27
2018-07-21,6.27
2018-07-22,6.27
2018-07-23,6.266
2018-07-24,6.253
2018-07-25,6.276
2018-07-26,6.274
2018-07-27,6.26
2018-07-28,6.26
2018-07-29,6.26
2018-07-30,6.252
2018-07-31,6.262
2018-08-01,6.251
2018-08-02,6.271
2018-08-03,6.266
2018-08-04,6.266
2018-08-05,6.266
2018-08-06,6.257
2018-08-07,6.253
2018-08-08,6.271
2018-08-09,6.271
2018-08-10,6.266
2018-08-11,6.266
2018-08-12,6.266
2018-08-13,6.277
2018-08-14,6.276
2018-08-15,6.264
2018-08-16,6.271
2018-08-17,6.262
2018-08-18,6.262
2018-08-19,6.262
2018-08-20,6.261
2018-08-21,6.238
2018-08-22,6.248
2018-08-23,6.253
2018-08-24,6.247
2018-08-25,6.247
2018-08-26,6.247
2018-08-27,6.267
2018-08-28,6.285
2018-08-29,6.287
2018-08-30,6.264
2018-08-31,6.285
2018-09-01,6.285
2018-09-02,6.285
2018-09-03,6.3
2018-09-04,6.287
2018-09-05,6.263
2018-09-06,6.278
2018-09-07,6.289
2018-09-08,6.289
2018-09-09,6.289
2018-09-10,6.294
2018-09-11,6.277
2018-09-12,6.265
2018-09-13,6.271
2018-09-14,6.263
2018-09-15,6.263
2018-09-16,6.263
2018-09-17,6.269
2018-09-18,6.262
2018-09-19,6.256
2018-09-20,6.265
2018-09-21,6.272
2018-09-22,6.272
2018-09-23,6.272
2018-09-24,6.272
2018-09-25,6.262
2018-09-26,6.27
2018-09-27,6.269
2018-09-28,6.305
2018-09-29,6.305
2018-09-30,6.305
2018-10-01,6.262
2018-10-02,6.272
2018-10-03,6.27
2018-10-04,6.263
2018-10-05,6.266
2018-10-06,6.266
2018-10-07,6.266
2018-10-08,6.287
2018-10-09,6.285
2018-10-10,6.285
2018-10-11,6.283
2018-10-12,6.28
2018-10-13,6.28
2018-10-14,6.28
2018-10-15,6.275
2018-10-16,6.277
2018-10-17,6.287
2018-10-18,6.286
2018-10-19,6.268
2018-10-20,6.268
2018-10-21,6.268
2018-10-22,6.277
2018-10-23,6.26
2018-10-24,6.256
2018-10-25,6.264
2018-10-26,6.255
2018-10-27,6.255
2018-10-28,6.255
2018-10-29,6.284
2018-10-30,6.277
2018-10-31,6.294
2018-11-01,6.282
2018-11-02,6.276
2018-11-03,6.276
2018-11-04,6.276
2018-11-05,6.281
2018-11-06,6.292
2018-11-07,6.283
2018-11-08,6.301
2018-11-09,6.294
2018-11-10,6.294
2018-11-11,6.294
2018-11-12,6.295
2018-11-13,6.293
2018-11-14,6.28
2018-11-15,6.278
2018-11-16,6.271
2018-11-17,6.271
2018-11-18,6.271
2018-11-19,6.279
2018-11-20,6.283
2018-11-21,6.278
2018-11-22,6.284
2018-11-23,6.501
2018-11-24,6.501
2018-11-25,6.501
2018-11-26,6.512
2018-11-27,6.545
2018-11-28,6.529
2018-11-29,6.524
2018-11-30,6.533
2018-12-01,6.533
2018-12-02,6.533
2018-12-03,6.531
2018-12-04,6.504
2018-12-05,6.516
2018-12-06,6.524
2018-12-07,6.524
2018-12-08,6.524
2018-12-09,6.524
2018-12-10,6.521
2018-12-11,6.523
2018-12-12,6.521
2018-12-13,6.514
2018-12-14,6.498
2018-12-15,6.498
2018-12-16,6.498
2018-12-17,6.498
2018-12-18,6.528
2018-12-19,6.515
2018-12-20,6.495
2018-12-21,6.53
2018-12-22,6.53
2018-12-23,6.53
2018-12-24,6.534
2018-12-25,6.534
2018-12-26,6.534
2018-12-27,6.525
2018-12-28,6.517
2018-12-29,6.517
2018-12-30,6.517
2018-12-31,6.587
2019-01-01,6.587
2019-01-02,6.533
2019-01-03,6.539
2019-01-04,6.534
2019-01-05,6.534
2019-01-06,6.534
2019-01-07,6.555
2019-01-08,6.556
2019-01-09,6.542
2019-01-10,6.541
2019-01-11,6.518
2019-01-12,6.518
2019-01-13,6.518
2019-01-14,6.541
2019-01-15,6.539
2019-01-16,6.539
2019-01-17,6.538
2019-01-18,6.529
2019-01-19,6.529
2019-01-20,6.529
2019-01-21,6.529
2019-01-22,6.502
2019-01-23,6.517
2019-01-24,6.499
2019-01-25,6.514
2019-01-26,6.514
2019-01-27,6.514
2019-01-28,6.524
2019-01-29,6.517
2019-01-30,6.532
2019-01-31,6.502
2019-02-01,6.549
2019-02-02,6.549
2019-02-03,6.549
2019-02-04,6.556
2019-02-05,6.551
2019-02-06,6.547
2019-02-07,6.542
2019-02-08,6.549
2019-02-09,6.549
2019-02-10,6.549
2019-02-11,6.551
2019-02-12,6.549
2019-02-13,6.529
2019-02-14,6.534
2019-02-15,6.539
2019-02-16,6.539
2019-02-17,6.539
2019-02-18,6.539
2019-02-19,6.534
2019-02-20,6.522
2019-02-21,6.516
2019-02-22,6.527
2019-02-23,6.527
2019-02-24,6.527
2019-02-25,6.526
2019-02-26,6.535
2019-02-27,6.534
2019-02-28,6.52
2019-03-01,6.56
2019-03-02,6.56
2019-03-03,6.56
2019-03-04,6.544
2019-03-05,6.53
2019-03-06,6.527
2019-03-07,6.535
2019-03-08,6.545
2019-03-09,6.545
2019-03-10,6.545
2019-03-11,6.547
2019-03-12,6.548
2019-03-13,6.542
2019-03-14,6.526
2019-03-15,6.506
2019-03-16,6.506
2019-03-17,6.506
2019-03-18,6.504
2019-03-19,6.521
2019-03-20,6.531
2019-03-21,6.531
2019-03-22,6.491
2019-03-23,6.491
2019-03-24,6.491
2019-03-25,6.515
2019-03-26,6.535
2019-03-27,6.53
2019-03-28,6.538
2019-03-29,6.505
2019-03-30,6.505
2019-03-31,6.505
2019-04-01,6.534
2019-04-02,6.535
2019-04-03,6.549
2019-04-04,6.551
2019-04-05,6.542
2019-04-06,6.542
2019-04-07,6.542
2019-04-08,6.548
2019-04-09,6.536
2019-04-10,6.543
2019-04-11,6.53
2019-04-12,6.514
2019-04-13,6.514
2019-04-14,6.514
2019-04-15,6.521
2019-04-16,6.528
2019-04-17,6.533
2019-04-18,6.521
2019-04-19,6.521
2019-04-20,6.521
2019-04-21,6.521
2019-04-22,6.521
2019-04-23,6.533
2019-04-24,6.526
2019-04-25,6.54
2019-04-26,6.521
2019-04-27,6.521
2019-04-28,6.521
2019-04-29,6.546
2019-04-30,6.546
2019-05-01,6.546
2019-05-02,6.548
2019-05-03,6.544
2019-05-04,6.544
2019-05-05,6.544
2019-05-06,6.539
2019-05-07,6.539
2019-05-08,6.539
2019-05-09,6.558
2019-05-10,6.555
2019-05-11,6.555
2019-05-12,6.555
2019-05-13,6.558
2019-05-14,6.557
2019-05-15,6.543
2019-05-16,6.555
2019-05-17,6.548
2019-05-18,6.548
2019-05-19,6.548
2019-05-20,6.547
2019-05-21,6.539
2019-05-22,6.524
2019-05-23,6.514
2019-05-24,6.515
2019-05-25,6.515
2019-05-26,6.515
2019-05-27,6.539
2019-05-28,6.521
2019-05-29,6.538
2019-05-30,6.51
2019-05-31,6.554
2019-06-01,6.554
2019-06-02,6.554
2019-06-03,6.56
2019-06-04,6.5
2019-06-05,6.503
2019-06-06,6.54
2019-06-07,6.533
2019-06-08,6.533
2019-06-09,6.533
2019-06-10,6.545
2019-06-11,6.527
2019-06-12,6.544
2019-06-13,6.535
2019-06-14,6.532
2019-06-15,6.532
2019-06-16,6.532
2019-06-17,6.532
2019-06-18,6.536
2019-06-19,6.549
2019-06-20,6.54
2019-06-21,6.547
2019-06-22,6.547
2019-06-23,6.547
2019-06-24,6.544
2019-06-25,6.543
2019-06-26,6.534
2019-06-27,6.538
2019-06-28,6.549
2019-06-29,6.549
2019-06-30,6.549
2019-07-01,6.571
2019-07-02,6.574
2019-07-03,6.568
2019-07-04,6.567
2019-07-05,6.576
2019-07-06,6.576
2019-07-07,6.576
2019-07-08,6.581
2019-07-09,6.583
2019-07-10,6.522
2019-07-11,6.528
2019-07-12,6.565
2019-07-13,6.565
2019-07-14,6.565
2019-07-15,6.569
2019-07-16,6.547
2019-07-17,6.557
2019-07-18,6.556
2019-07-19,6.314
2019-07-20,6.314
2019-07-21,6.314
2019-07-22,6.314
2019-07-23,6.321
2019-07-24,6.308
2019-07-25,6.31
2019-07-26,6.307
2019-07-27,6.307
2019-07-28,6.307
2019-07-29,6.307
2019-07-30,6.318
2019-07-31,6.319
2019-08-01,6.293
2019-08-02,6.283
2019-08-03,6.283
2019-08-04,6.283
2019-08-05,6.293
2019-08-06,6.294
2019-08-07,6.306
2019-08-08,6.312
2019-08-09,6.312
2019-08-10,6.312
2019-08-11,6.312
2019-08-12,6.314
2019-08-13,6.313
2019-08-14,6.289
2019-08-15,6.302
2019-08-16,6.31
2019-08-17,6.31
2019-08-18,6.31
2019-08-19,6.305
2019-08-20,6.298
2019-08-21,6.258
2019-08-22,6.302
2019-08-23,6.288
2019-08-24,6.288
2019-08-25,6.288
2019-08-26,6.282
2019-08-27,6.315
2019-08-28,6.26
2019-08-29,6.311
2019-08-30,6.322
2019-08-31,6.322
2019-09-01,6.322
2019-09-02,6.313
2019-09-03,6.311
2019-09-04,6.311
2019-09-05,6.309
2019-09-06,6.271
2019-09-07,6.271
2019-09-08,6.271
2019-09-09,6.327
2019-09-10,6.311
2019-09-11,6.322
2019-09-12,6.33
2019-09-13,6.329
2019-09-14,6.329
2019-09-15,6.329
2019-09-16,6.332
2019-09-17,6.325
2019-09-18,6.326
2019-09-19,6.335
2019-09-20,6.306
2019-09-21,6.306
2019-09-22,6.306
2019-09-23,6.308
2019-09-24,6.308
2019-09-25,6.323
2019-09-26,6.321
2019-09-27,6.329
2019-09-28,6.329
2019-09-29,6.329
2019-09-30,6.339
2019-10-01,6.319
2019-10-02,6.313
2019-10-03,6.312
2019-10-04,6.322
2019-10-05,6.322
2019-10-06,6.322
2019-10-07,6.281
2019-10-08,6.32
2019-10-09,6.317
2019-10-10,6.318
2019-10-11,6.309
2019-10-12,6.309
2019-10-13,6.309
2019-10-14,6.314
2019-10-15,6.311
2019-10-16,6.311
2019-10-17,6.313
2019-10-18,6.307
2019-10-19,6.307
2019-10-20,6.307
2019-10-21,6.304
2019-10-22,6.302
2019-10-23,6.294
2019-10-24,6.309
2019-10-25,6.317
2019-10-26,6.317
2019-10-27,6.317
2019-10-28,6.32
2019-10-29,6.332
2019-10-30,6.323
2019-10-31,6.297
2019-11-01,6.322
2019-11-02,6.322
2019-11-03,6.322
2019-11-04,6.334
2019-11-05,6.332
2019-11-06,6.32
2019-11-07,6.325
2019-11-08,6.332
2019-11-09,6.332
2019-11-10,6.332
2019-11-11,6.327
2019-11-12,6.332
2019-11-13,6.33
2019-11-14,6.326
2019-11-15,6.323
2019-11-16,6.323
2019-11-17,6.323
2019-11-18,6.338
2019-11-19,6.332
2019-11-20,6.295
2019-11-21,6.288
2019-11-22,6.324
2019-11-23,6.324
2019-11-24,6.324
2019-11-25,6.329
2019-11-26,6.334
2019-11-27,6.335
2019-11-28,6.323
2019-11-29,6.282
2019-11-30,6.282
2019-12-01,6.282
2019-12-02,6.327
2019-12-03,6.338
2019-12-04,6.328
2019-12-05,6.329
2019-12-06,6.34
2019-12-07,6.34
2019-12-08,6.34
2019-12-09,6.288
2019-12-10,6.289
2019-12-11,6.351
2019-12-12,6.341
2019-12-13,6.325
2019-12-14,6.325
2019-12-15,6.325
2019-12-16,6.325
2019-12-17,6.346
2019-12-18,6.334
2019-12-19,6.335
2019-12-20,6.318
2019-12-21,6.318
2019-12-22,6.318
2019-12-23,6.339
2019-12-24,6.341
2019-12-25,6.341
2019-12-26,6.341
2019-12-27,6.316
2019-12-28,6.316
2019-12-29,6.316
2019-12-30,6.339
2019-12-31,6.368
2020-01-01,6.368
2020-01-02,6.326
2020-01-03,6.328
2020-01-04,6.328
2020-01-05,6.328
2020-01-06,6.338
2020-01-07,6.346
2020-01-08,6.346
2020-01-09,6.339
2020-01-10,6.333
2020-01-11,6.333
2020-01-12,6.333
2020-01-13,6.345
2020-01-14,6.325
2020-01-15,6.327
2020-01-16,6.319
2020-01-17,6.08
2020-01-18,6.08
2020-01-19,6.08
2020-01-20,6.091
2020-01-21,6.089
2020-01-22,6.066
2020-01-23,6.07
2020-01-24,6.069
2020-01-25,6.069
2020-01-26,6.069
2020-01-27,6.082
2020-01-28,6.092
2020-01-29,6.092
2020-01-30,6.079
2020-01-31,6.099
2020-02-01,6.099
2020-02-02,6.099
2020-02-03,6.098
2020-02-04,6.092
2020-02-05,6.09
2020-02-06,6.084
2020-02-07,6.078
2020-02-08,6.078
2020-02-09,6.078
2020-02-10,6.096
2020-02-11,6.094
2020-02-12,6.081
2020-02-13,6.076
2020-02-14,6.067
2020-02-15,6.067
2020-02-16,6.067
2020-02-17,6.087
2020-02-18,6.074
2020-02-19,6.078
2020-02-20,6.074
2020-02-21,6.072
2020-02-22,6.072
2020-02-23,6.072
2020-02-24,6.074
2020-02-25,6.095
2020-02-26,6.09
2020-02-27,6.097
2020-02-28,6.101
2020-02-29,6.101
2020-03-01,6.101
2020-03-02,6.096
2020-03-03,6.116
2020-03-04,6.108
2020-03-05,6.089
2020-03-06,6.101
2020-03-07,6.101
2020-03-08,6.101
2020-03-09,6.117
2020-03-10,6.102
2020-03-11,6.11
2020-03-12,6.096
2020-03-13,6.102
2020-03-14,6.102
2020-03-15,6.102
2020-03-16,6.095
2020-03-17,6.108
2020-03-18,6.102
2020-03-19,6.101
2020-03-20,5.104
2020-03-21,5.104
2020-03-22,5.104
2020-03-23,5.133
2020-03-24,5.099
2020-03-25,5.118
2020-03-26,5.111
2020-03-27,5.122
2020-03-28,5.122
2020-03-29,5.122
2020-03-30,5.108
2020-03-31,5.125
2020-04-01,5.094
2020-04-02,5.084
2020-04-03,5.084
2020-04-04,5.084
2020-04-05,5.084
2020-04-06,5.095
2020-04-07,5.085
2020-04-08,5.084
2020-04-09,5.084
2020-04-10,5.084
2020-04-11,5.084
2020-04-12,5.084
2020-04-13,5.084
2020-04-14,5.084
2020-04-15,4.086
2020-04-16,4.095
2020-04-17,4.073
2020-04-18,4.073
2020-04-19,4.073
2020-04-20,4.083
2020-04-21,4.085
2020-04-22,4.076
2020-04-23,4.073
2020-04-24,4.092
2020-04-25,4.092
2020-04-26,4.092
2020-04-27,4.092
2020-04-28,4.09
2020-04-29,4.098
2020-04-30,4.082
2020-05-01,4.082
2020-05-02,4.082
2020-05-03,4.082
2020-05-04,4.1
2020-05-05,4.095
2020-05-06,4.093
2020-05-07,4.086
2020-05-08,4.084
2020-05-09,4.084
2020-05-10,4.084
2020-05-11,4.096
2020-05-12,4.098
2020-05-13,4.098
2020-05-14,4.096
2020-05-15,4.101
2020-05-16,4.101
2020-05-17,4.101
2020-05-18,4.088
2020-05-19,4.083
2020-05-20,4.089
2020-05-21,4.084
2020-05-22,3.611
2020-05-23,3.611
2020-05-24,3.611
2020-05-25,3.624
2020-05-26,3.627
2020-05-27,3.625
2020-05-28,3.622
2020-05-29,3.627
2020-05-30,3.627
2020-05-31,3.627
2020-06-01,3.604
2020-06-02,3.614
2020-06-03,3.611
2020-06-04,3.609
2020-06-05,3.608
2020-06-06,3.608
2020-06-07,3.608
2020-06-08,3.617
2020-06-09,3.612
2020-06-10,3.607
2020-06-11,3.615
2020-06-12,3.609
2020-06-13,3.609
2020-06-14,3.609
2020-06-15,3.612
2020-06-16,3.612
2020-06-17,3.619
2020-06-18,3.614
2020-06-19,3.598
2020-06-20,3.598
2020-06-21,3.598
2020-06-22,3.618
2020-06-23,3.615
2020-06-24,3.609
2020-06-25,3.623
2020-06-26,3.605
2020-06-27,3.605
2020-06-28,3.605
2020-06-29,3.623
2020-06-30,3.624
2020-07-01,3.617
2020-07-02,3.627
2020-07-03,3.616
2020-07-04,3.616
2020-07-05,3.616
2020-07-06,3.618
2020-07-07,3.618
2020-07-08,3.618
2020-07-09,3.608
2020-07-10,3.62
2020-07-11,3.62
2020-07-12,3.62
2020-07-13,3.614
2020-07-14,3.609
2020-07-15,3.613
2020-07-16,3.609
2020-07-17,3.606
2020-07-18,3.606
2020-07-19,3.606
2020-07-20,3.613
2020-07-21,3.601
2020-07-22,3.602
2020-07-23,3.587
2020-07-24,3.374
2020-07-25,3.374
2020-07-26,3.374
2020-07-27,3.354
2020-07-28,3.369
2020-07-29,3.364
2020-07-30,3.369
2020-07-31,3.361
2020-08-01,3.361
2020-08-02,3.361
2020-08-03,3.366
2020-08-04,3.366
2020-08-05,3.363
2020-08-06,3.354
2020-08-07,3.34
2020-08-08,3.34
2020-08-09,3.34
2020-08-10,3.34
2020-08-11,3.338
2020-08-12,3.353
2020-08-13,3.343
2020-08-14,3.346
2020-08-15,3.346
2020-08-16,3.346
2020-08-17,3.343
2020-08-18,3.332
2020-08-19,3.338
2020-08-20,3.329
2020-08-21,3.334
2020-08-22,3.334
2020-08-23,3.334
2020-08-24,3.336
2020-08-25,3.338
2020-08-26,3.343
2020-08-27,3.346
2020-08-28,3.345
2020-08-29,3.345
2020-08-30,3.345
2020-08-31,3.362
2020-09-01,3.317
2020-09-02,3.32
2020-09-03,3.315
2020-09-04,3.32
2020-09-05,3.32
2020-09-06,3.32
2020-09-07,3.311
2020-09-08,3.322
2020-09-09,3.325
2020-09-10,3.309
2020-09-11,3.316
2020-09-12,3.316
2020-09-13,3.316
2020-09-14,3.323
2020-09-15,3.31
2020-09-16,3.312
2020-09-17,3.305
2020-09-18,3.295
2020-09-19,3.295
2020-09-20,3.295
2020-09-21,3.3
2020-09-22,3.307
2020-09-23,3.305
2020-09-24,3.305
2020-09-25,3.32
2020-09-26,3.32
2020-09-27,3.32
2020-09-28,3.308
2020-09-29,3.309
2020-09-30,3.315
2020-10-01,3.307
2020-10-02,3.314
2020-10-03,3.314
2020-10-04,3.314
2020-10-05,3.312
2020-10-06,3.311
2020-10-07,3.309
2020-10-08,3.319
2020-10-09,3.314
2020-10-10,3.314
2020-10-11,3.314
2020-10-12,3.335
2020-10-13,3.326
2020-10-14,3.327
2020-10-15,3.318
2020-10-16,3.321
2020-10-17,3.321
2020-10-18,3.321
2020-10-19,3.328
2020-10-20,3.315
2020-10-21,3.324
2020-10-22,3.319
2020-10-23,3.311
2020-10-24,3.311
2020-10-25,3.311
2020-10-26,3.319
2020-10-27,3.326
2020-10-28,3.319
2020-10-29,3.32
2020-10-30,3.333
2020-10-31,3.333
2020-11-01,3.333
2020-11-02,3.32
2020-11-03,3.32
2020-11-04,3.316
2020-11-05,3.321
2020-11-06,3.317
2020-11-07,3.317
2020-11-08,3.317
2020-11-09,3.319
2020-11-10,3.321
2020-11-11,3.318
2020-11-12,3.326
2020-11-13,3.319
2020-11-14,3.319
2020-11-15,3.319
2020-11-16,3.319
2020-11-17,3.328
2020-11-18,3.326
2020-11-19,3.324
2020-11-20,3.33
2020-11-21,3.33
2020-11-22,3.33
2020-11-23,3.329
2020-11-24,3.323
2020-11-25,3.332
2020-11-26,3.332
2020-11-27,3.321
2020-11-28,3.321
2020-11-29,3.321
2020-11-30,3.339
2020-12-01,3.351
2020-12-02,3.356
2020-12-03,3.359
2020-12-04,3.378
2020-12-05,3.378
2020-12-06,3.378
2020-12-07,3.375
2020-12-08,3.363
2020-12-09,3.379
2020-12-10,3.376
2020-12-11,3.37
2020-12-12,3.37
2020-12-13,3.37
2020-12-14,3.374
2020-12-15,3.373
2020-12-16,3.373
2020-12-17,3.358
2020-12-18,3.359
2020-12-19,3.359
2020-12-20,3.359
2020-12-21,3.361
2020-12-22,3.361
2020-12-23,3.36
2020-12-24,3.377
2020-12-25,3.377
2020-12-26,3.377
2020-12-27,3.377
2020-12-28,3.364
2020-12-29,3.366
2020-12-30,3.359
2020-12-31,3.381
2021-01-01,3.381
2021-01-02,3.381
2021-01-03,3.381
2021-01-04,3.346
2021-01-05,3.332
2021-01-06,3.325
2021-01-07,3.332
2021-01-08,3.319
2021-01-09,3.319
2021-01-10,3.319
2021-01-11,3.324
2021-01-12,3.336
2021-01-13,3.325
2021-01-14,3.322
2021-01-15,3.315
2021-01-16,3.315
2021-01-17,3.315
2021-01-18,3.313
2021-01-19,3.327
2021-01-20,3.327
2021-01-21,3.328
2021-01-22,3.328
2021-01-23,3.328
2021-01-24,3.328
2021-01-25,3.323
2021-01-26,3.336
2021-01-27,3.336
2021-01-28,3.326
2021-01-29,3.334
2021-01-30,3.334
2021-01-31,3.334
2021-02-01,3.32
2021-02-02,3.336
2021-02-03,3.332
2021-02-04,3.327
2021-02-05,3.333
2021-02-06,3.333
2021-02-07,3.333
2021-02-08,3.347
2021-02-09,3.344
2021-02-10,3.338
2021-02-11,3.34
2021-02-12,3.335
2021-02-13,3.335
2021-02-14,3.335
2021-02-15,3.34
2021-02-16,3.35
2021-02-17,3.349
2021-02-18,3.346
2021-02-19,3.345
2021-02-20,3.345
2021-02-21,3.345
2021-02-22,3.336
2021-02-23,3.344
2021-02-24,3.329
2021-02-25,3.341
2021-02-26,3.343
2021-02-27,3.343
2021-02-28,3.343
2021-03-01,3.326
2021-03-02,3.34
2021-03-03,3.345
2021-03-04,3.356
2021-03-05,3.342
2021-03-06,3.342
2021-03-07,3.342
2021-03-08,3.347
2021-03-09,3.358
2021-03-10,3.35
2021-03-11,3.355
2021-03-12,3.337
2021-03-13,3.337
2021-03-14,3.337
2021-03-15,3.345
2021-03-16,3.342
2021-03-17,3.338
2021-03-18,3.341
2021-03-19,3.335
2021-03-20,3.335
2021-03-21,3.335
2021-03-22,3.335
2021-03-23,3.333
2021-03-24,3.334
2021-03-25,3.341
2021-03-26,3.351
2021-03-27,3.351
2021-03-28,3.351
2021-03-29,3.354
2021-03-30,3.343
2021-03-31,3.361
2021-04-01,3.33
2021-04-02,3.33
2021-04-03,3.33
2021-04-04,3.33
2021-04-05,3.33
2021-04-06,3.337
2021-04-07,3.338
2021-04-08,3.338
2021-04-09,3.35
2021-04-10,3.35
2021-04-11,3.35
2021-04-12,3.351
2021-04-13,3.359
2021-04-14,3.348
2021-04-15,3.349
2021-04-16,3.348
2021-04-17,3.348
2021-04-18,3.348
2021-04-19,3.348
2021-04-20,3.341
2021-04-21,3.349
2021-04-22,3.336
2021-04-23,3.347
2021-04-24,3.347
2021-04-25,3.347
2021-04-26,3.36
2021-04-27,3.36
2021-04-28,3.347
2021-04-29,3.353
2021-04-30,3.352
2021-05-01,3.352
2021-05-02,3.352
2021-05-03,3.338
2021-05-04,3.353
2021-05-05,3.351
2021-05-06,3.347
2021-05-07,3.351
2021-05-08,3.351
2021-05-09,3.351
2021-05-10,3.35
2021-05-11,3.35
2021-05-12,3.345
2021-05-13,3.354
2021-05-14,3.354
2021-05-15,3.354
2021-05-16,3.354
2021-05-17,3.355
2021-05-18,3.362
2021-05-19,3.365
2021-05-20,3.364
2021-05-21,3.345
2021-05-22,3.345
2021-05-23,3.345
2021-05-24,3.352
2021-05-25,3.354
2021-05-26,3.348
2021-05-27,3.357
2021-05-28,3.351
2021-05-29,3.351
2021-05-30,3.351
2021-05-31,3.394
2021-06-01,3.335
2021-06-02,3.34
2021-06-03,3.347
2021-06-04,3.334
2021-06-05,3.334
2021-06-06,3.334
2021-06-07,3.333
2021-06-08,3.346
2021-06-09,3.347
2021-06-10,3.355
2021-06-11,3.345
2021-06-12,3.345
2021-06-13,3.345
2021-06-14,3.351
2021-06-15,3.339
2021-06-16,3.339
2021-06-17,3.344
2021-06-18,3.345
2021-06-19,3.345
2021-06-20,3.345
2021-06-21,3.35
2021-06-22,3.35
2021-06-23,3.348
2021-06-24,3.352
2021-06-25,3.35
2021-06-26,3.35
2021-06-27,3.35
2021-06-28,3.345
2021-06-29,3.354
2021-06-30,3.342
2021-07-01,3.354
2021-07-02,3.345
2021-07-03,3.345
2021-07-04,3.345
2021-07-05,3.354
2021-07-06,3.347
2021-07-07,3.341
2021-07-08,3.347
2021-07-09,3.339
2021-07-10,3.339
2021-07-11,3.339
2021-07-12,3.347
2021-07-13,3.348
2021-07-14,3.34
2021-07-15,3.338
2021-07-16,3.336
2021-07-17,3.336
2021-07-18,3.336
2021-07-19,3.339
2021-07-20,3.339
2021-07-21,3.34
2021-07-22,3.345
2021-07-23,3.342
2021-07-24,3.342
2021-07-25,3.342
2021-07-26,3.347
2021-07-27,3.347
2021-07-28,3.347
2021-07-29,3.351
2021-07-30,3.345
2021-07-31,3.345
2021-08-01,3.345
2021-08-02,3.333
2021-08-03,3.337
2021-08-04,3.328
2021-08-05,3.332
2021-08-06,3.332
2021-08-07,3.332
2021-08-08,3.332
2021-08-09,3.332
2021-08-10,3.334
2021-08-11,3.334
2021-08-12,3.335
2021-08-13,3.338
2021-08-14,3.338
2021-08-15,3.338
2021-08-16,3.333
2021-08-17,3.333
2021-08-18,3.338
2021-08-19,3.338
2021-08-20,3.33
2021-08-21,3.33
2021-08-22,3.33
2021-08-23,3.351
2021-08-24,3.347
2021-08-25,3.351
2021-08-26,3.341
2021-08-27,3.35
2021-08-28,3.35
2021-08-29,3.35
2021-08-30,3.354
2021-08-31,3.356
2021-09-01,3.356
2021-09-02,3.356
2021-09-03,3.351
2021-09-04,3.351
2021-09-05,3.351
2021-09-06,3.352
2021-09-07,3.347
2021-09-08,3.348
2021-09-09,3.346
2021-09-10,3.349
2021-09-11,3.349
2021-09-12,3.349
2021-09-13,3.348
2021-09-14,3.353
2021-09-15,3.343
2021-09-16,3.343
2021-09-17,3.336
2021-09-18,3.336
2021-09-19,3.336
2021-09-20,3.344
2021-09-21,3.35
2021-09-22,3.343
2021-09-23,3.346
2021-09-24,3.346
2021-09-25,3.346
2021-09-26,3.346
2021-09-27,3.347
2021-09-28,3.344
2021-09-29,3.34
2021-09-30,3.328
2021-10-01,3.328
2021-10-02,3.328
2021-10-03,3.328
2021-10-04,3.331
2021-10-05,3.33
2021-10-06,3.33
2021-10-07,3.323
2021-10-08,3.324
2021-10-09,3.324
2021-10-10,3.324
2021-10-11,3.327
2021-10-12,3.342
2021-10-13,3.325
2021-10-14,3.333
2021-10-15,3.336
2021-10-16,3.336
2021-10-17,3.336
2021-10-18,3.343
2021-10-19,3.34
2021-10-20,3.338
2021-10-21,3.339
2021-10-22,3.343
2021-10-23,3.343
2021-10-24,3.343
2021-10-25,3.35
2021-10-26,3.35
2021-10-27,3.355
2021-10-28,3.35
2021-10-29,3.354
2021-10-30,3.354
2021-10-31,3.354
2021-11-01,3.354
2021-11-02,3.362
2021-11-03,3.358
2021-11-04,3.353
2021-11-05,3.35
2021-11-06,3.35
2021-11-07,3.35
2021-11-08,3.348
2021-11-09,3.35
2021-11-10,3.356
2021-11-11,3.349
2021-11-12,3.354
2021-11-13,3.354
2021-11-14,3.354
2021-11-15,3.347
2021-11-16,3.352
2021-11-17,3.352
2021-11-18,3.358
2021-11-19,3.557
2021-11-20,3.557
2021-11-21,3.557
2021-11-22,3.557
2021-11-23,3.557
2021-11-24,3.555
2021-11-25,3.56
2021-11-26,3.566
2021-11-27,3.566
2021-11-28,3.566
2021-11-29,3.573
2021-11-30,3.583
2021-12-01,3.57
2021-12-02,3.566
2021-12-03,3.562
2021-12-04,3.562
2021-12-05,3.562
2021-12-06,3.597
2021-12-07,3.608
2021-12-08,3.599
2021-12-09,3.606
2021-12-10,3.599
2021-12-11,3.599
2021-12-12,3.599
2021-12-13,3.597
2021-12-14,3.591
2021-12-15,3.593
2021-12-16,3.593
2021-12-17,3.599
2021-12-18,3.599
2021-12-19,3.599
2021-12-20,3.604
2021-12-21,3.604
2021-12-22,3.592
2021-12-23,3.592
2021-12-24,3.603
2021-12-25,3.603
2021-12-26,3.603
2021-12-27,3.603
2021-12-28,3.595
2021-12-29,3.588
2021-12-30,3.582
2021-12-31,3.634
2022-01-01,3.634
2022-01-02,3.634
2022-01-03,3.605
2022-01-04,3.602
2022-01-05,3.6
2022-01-06,3.592
2022-01-07,3.594
2022-01-08,3.594
2022-01-09,3.594
2022-01-10,3.589
2022-01-11,3.585
2022-01-12,3.593
2022-01-13,3.589
2022-01-14,3.587
2022-01-15,3.587
2022-01-16,3.587
2022-01-17,3.591
2022-01-18,3.597
2022-01-19,3.59
2022-01-20,3.589
2022-01-21,3.592
2022-01-22,3.592
2022-01-23,3.592
2022-01-24,3.607
2022-01-25,3.61
2022-01-26,3.607
2022-01-27,3.617
2022-01-28,3.825
2022-01-29,3.825
2022-01-30,3.825
2022-01-31,3.883
2022-02-01,3.839
2022-02-02,3.841
2022-02-03,3.833
2022-02-04,3.854
2022-02-05,3.854
2022-02-06,3.854
2022-02-07,3.859
2022-02-08,3.858
2022-02-09,3.857
2022-02-10,3.858
2022-02-11,3.892
2022-02-12,3.892
2022-02-13,3.892
2022-02-14,3.855
2022-02-15,3.85
2022-02-16,3.848
2022-02-17,3.848
2022-02-18,3.846
2022-02-19,3.846
2022-02-20,3.846
2022-02-21,3.846
2022-02-22,3.848
2022-02-23,3.853
2022-02-24,3.861
2022-02-25,3.86
2022-02-26,3.86
2022-02-27,3.86
2022-02-28,3.863
2022-03-01,3.867
2022-03-02,3.849
2022-03-03,3.857
2022-03-04,3.853
2022-03-05,3.853
2022-03-06,3.853
2022-03-07,3.858
2022-03-08,3.859
2022-03-09,3.864
2022-03-10,3.86
2022-03-11,3.867
2022-03-12,3.867
2022-03-13,3.867
2022-03-14,3.869
2022-03-15,3.868
2022-03-16,3.869
2022-03-17,3.874
2022-03-18,3.863
2022-03-19,3.863
2022-03-20,3.863
2022-03-21,3.863
2022-03-22,3.867
2022-03-23,3.871
2022-03-24,3.867
2022-03-25,4.077
2022-03-26,4.077
2022-03-27,4.077
2022-03-28,4.09
2022-03-29,4.086
2022-03-30,4.079
2022-03-31,4.113
2022-04-01,4.069
2022-04-02,4.069
2022-04-03,4.069
2022-04-04,4.067
2022-04-05,4.061
2022-04-06,4.089
2022-04-07,4.089
2022-04-08,4.086
2022-04-09,4.086
2022-04-10,4.086
2022-04-11,4.096
2022-04-12,4.098
2022-04-13,4.101
2022-04-14,4.103
2022-04-15,4.103
2022-04-16,4.103
2022-04-17,4.103
2022-04-18,4.103
2022-04-19,4.138
2022-04-20,4.096
2022-04-21,4.099
2022-04-22,4.099
2022-04-23,4.099
2022-04-24,4.099
2022-04-25,4.106
2022-04-26,4.106
2022-04-27,4.106
2022-04-28,4.098
2022-04-29,4.093
2022-04-30,4.093
2022-05-01,4.093
2022-05-02,4.093
2022-05-03,4.098
2022-05-04,4.097
2022-05-05,4.097
2022-05-06,4.102
2022-05-07,4.102
2022-05-08,4.102
2022-05-09,4.107
2022-05-10,4.092
2022-05-11,4.1
2022-05-12,4.103
2022-05-13,4.101
2022-05-14,4.101
2022-05-15,4.101
2022-05-16,4.097
2022-05-17,4.098
2022-05-18,4.104
2022-05-19,4.099
2022-05-20,4.572
2022-05-21,4.572
2022-05-22,4.572
2022-05-23,4.567
2022-05-24,4.571
2022-05-25,4.575
2022-05-26,4.579
2022-05-27,4.577
2022-05-28,4.577
2022-05-29,4.577
2022-05-30,4.575
2022-05-31,4.579
2022-06-01,4.563
2022-06-02,4.565
2022-06-03,4.562
2022-06-04,4.562
2022-06-05,4.562
2022-06-06,4.595
2022-06-07,4.597
2022-06-08,4.598
2022-06-09,4.605
2022-06-10,4.601
2022-06-11,4.601
2022-06-12,4.601
2022-06-13,4.598
2022-06-14,4.598
2022-06-15,4.603
2022-06-16,4.603
2022-06-17,4.603
2022-06-18,4.603
2022-06-19,4.603
2022-06-20,4.603
2022-06-21,4.604
2022-06-22,4.601
2022-06-23,4.602
2022-06-24,4.613
2022-06-25,4.613
2022-06-26,4.613
2022-06-27,4.616
2022-06-28,4.608
2022-06-29,4.608
2022-06-30,4.607
2022-07-01,4.598
2022-07-02,4.598
2022-07-03,4.598
2022-07-04,4.613
2022-07-05,4.611
2022-07-06,4.611
2022-07-07,4.614
2022-07-08,4.615
2022-07-09,4.615
2022-07-10,4.615
2022-07-11,4.613
2022-07-12,4.617
2022-07-13,4.613
2022-07-14,4.616
2022-07-15,4.609
2022-07-16,4.609
2022-07-17,4.609
2022-07-18,4.611
2022-07-19,4.61
2022-07-20,4.611
2022-07-21,4.614
2022-07-22,5.307
2022-07-23,5.307
2022-07-24,5.307
2022-07-25,5.3
2022-07-26,5.363
2022-07-27,5.364
2022-07-28,5.355
2022-07-29,5.358
2022-07-30,5.358
2022-07-31,5.358
2022-08-01,5.412
2022-08-02,5.389
2022-08-03,5.402
2022-08-04,5.398
2022-08-05,5.403
2022-08-06,5.403
2022-08-07,5.403
2022-08-08,5.432
2022-08-09,5.432
2022-08-10,5.425
2022-08-11,5.4
2022-08-12,5.405
2022-08-13,5.405
2022-08-14,5.405
2022-08-15,5.405
2022-08-16,5.414
2022-08-17,5.412
2022-08-18,5.386
2022-08-19,5.375
2022-08-20,5.375
2022-08-21,5.375
2022-08-22,5.389
2022-08-23,5.392
2022-08-24,5.397
2022-08-25,5.344
2022-08-26,5.439
2022-08-27,5.439
2022-08-28,5.439
2022-08-29,5.383
2022-08-30,5.417
2022-08-31,5.381
2022-09-01,5.396
2022-09-02,5.374
2022-09-03,5.374
2022-09-04,5.374
2022-09-05,5.376
2022-09-06,5.384
2022-09-07,5.38
2022-09-08,5.38
2022-09-09,5.404
2022-09-10,5.404
2022-09-11,5.404
2022-09-12,5.382
2022-09-13,5.381
2022-09-14,5.425
2022-09-15,5.376
2022-09-16,5.434
2022-09-17,5.434
2022-09-18,5.434
2022-09-19,5.375
2022-09-20,5.372
2022-09-21,5.384
2022-09-22,5.373
2022-09-23,6.016
2022-09-24,6.016
2022-09-25,6.016
2022-09-26,6.113
2022-09-27,6.115
2022-09-28,6.122
2022-09-29,6.113
2022-09-30,6.118
2022-10-01,6.118
2022-10-02,6.118
2022-10-03,6.119
2022-10-04,6.104
2022-10-05,6.11
2022-10-06,6.111
2022-10-07,6.129
2022-10-08,6.129
2022-10-09,6.129
2022-10-10,6.13
2022-10-11,6.114
2022-10-12,6.113
2022-10-13,6.124
2022-10-14,6.15
2022-10-15,6.15
2022-10-16,6.15
2022-10-17,6.12
2022-10-18,6.116
2022-10-19,6.111
2022-10-20,6.128
2022-10-21,6.155
2022-10-22,6.155
2022-10-23,6.155
2022-10-24,6.127
2022-10-25,6.124
2022-10-26,6.133
2022-10-27,6.14
2022-10-28,6.128
2022-10-29,6.128
2022-10-30,6.128
2022-10-31,6.099
2022-11-01,6.115
2022-11-02,6.133
2022-11-03,6.131
2022-11-04,6.089
2022-11-05,6.089
2022-11-06,6.089
2022-11-07,6.129
2022-11-08,6.097
2022-11-09,6.081
2022-11-10,6.093
2022-11-11,6.104
2022-11-12,6.104
2022-11-13,6.104
2022-11-14,6.105
2022-11-15,6.102
2022-11-16,6.103
2022-11-17,6.107
2022-11-18,6.098
2022-11-19,6.098
2022-11-20,6.098
2022-11-21,6.093
2022-11-22,6.106
2022-11-23,6.096
2022-11-24,6.101
2022-11-25,6.838
2022-11-26,6.838
2022-11-27,6.838
2022-11-28,6.842
2022-11-29,6.846
2022-11-30,6.846
2022-12-01,6.849
2022-12-02,6.853
2022-12-03,6.853
2022-12-04,6.853
2022-12-05,6.836
2022-12-06,6.851
2022-12-07,6.851
2022-12-08,6.782
2022-12-09,6.853
2022-12-10,6.853
2022-12-11,6.853
2022-12-12,6.835
2022-12-13,6.853
2022-12-14,6.856
2022-12-15,6.855
2022-12-16,6.855
2022-12-17,6.855
2022-12-18,6.855
2022-12-19,6.842
2022-12-20,6.852
2022-12-21,6.85
2022-12-22,6.838
2022-12-23,6.838
2022-12-24,6.838
2022-12-25,6.838
2022-12-26,6.838
2022-12-27,6.838
2022-12-28,6.847
2022-12-29,6.832
2022-12-30,6.833
2022-12-31,6.833
2023-01-01,6.833
2023-01-02,6.833
2023-01-03,6.831
2023-01-04,6.834
2023-01-05,6.833
2023-01-06,6.83
2023-01-07,6.83
2023-01-08,6.83
2023-01-09,6.831
2023-01-10,6.832
2023-01-11,6.837
2023-01-12,6.861
2023-01-13,6.839
2023-01-14,6.839
2023-01-15,6.839
2023-01-16,6.855
2023-01-17,6.841
2023-01-18,6.84
2023-01-19,6.862
2023-01-20,6.842
2023-01-21,6.842
2023-01-22,6.842
2023-01-23,6.857
2023-01-24,6.859
2023-01-25,6.863
2023-01-26,6.865
2023-01-27,7.077
2023-01-28,7.077
2023-01-29,7.077
2023-01-30,7.03
2023-01-31,7.093
2023-02-01,7.092
2023-02-02,7.101
2023-02-03,7.111
2023-02-04,7.111
2023-02-05,7.111
2023-02-06,7.099
2023-02-07,7.092
2023-02-08,7.088
2023-02-09,7.096
2023-02-10,7.092
2023-02-11,7.092
2023-02-12,7.092
2023-02-13,7.098
2023-02-14,7.1
2023-02-15,7.104
2023-02-16,7.097
2023-02-17,7.098
2023-02-18,7.098
2023-02-19,7.098
2023-02-20,7.103
2023-02-21,7.096
2023-02-22,7.094
2023-02-23,7.108
2023-02-24,7.101
2023-02-25,7.101
2023-02-26,7.101
2023-02-27,7.095
2023-02-28,7.098
2023-03-01,7.093
2023-03-02,7.091
2023-03-03,7.105
2023-03-04,7.105
2023-03-05,7.105
2023-03-06,7.095
2023-03-07,7.097
2023-03-08,7.087
2023-03-09,7.088
2023-03-10,7.089
2023-03-11,7.089
2023-03-12,7.089
2023-03-13,7.091
2023-03-14,7.092
2023-03-15,7.09
2023-03-16,7.087
2023-03-17,7.087
2023-03-18,7.087
2023-03-19,7.087
2023-03-20,7.089
2023-03-21,7.089
2023-03-22,7.099
2023-03-23,7.092
2023-03-24,7.091
2023-03-25,7.091
2023-03-26,7.091
2023-03-27,7.101
2023-03-28,7.091
2023-03-29,7.1
2023-03-30,7.097
2023-03-31,7.569
2023-04-01,7.569
2023-04-02,7.569
2023-04-03,7.586
2023-04-04,7.582
2023-04-05,7.58
2023-04-06,7.578
2023-04-07,7.578
2023-04-08,7.578
2023-04-09,7.578
2023-04-10,7.578
2023-04-11,7.574
2023-04-12,7.573
2023-04-13,7.584
2023-04-14,7.585
2023-04-15,7.585
2023-04-16,7.585
2023-04-17,7.59
2023-04-18,7.591
2023-04-19,7.592
2023-04-20,7.592
2023-04-21,7.54
2023-04-22,7.54
2023-04-23,7.54
2023-04-24,7.595
2023-04-25,7.592
2023-04-26,7.594
2023-04-27,7.594
2023-04-28,7.594
2023-04-29,7.594
2023-04-30,7.594
2023-05-01,7.594
2023-05-02,7.591
2023-05-03,7.594
2023-05-04,7.591
2023-05-05,7.594
2023-05-06,7.594
2023-05-07,7.594
2023-05-08,7.58
2023-05-09,7.582
2023-05-10,7.585
2023-05-11,7.586
2023-05-12,7.586
2023-05-13,7.586
2023-05-14,7.586
2023-05-15,7.577
2023-05-16,7.586
2023-05-17,7.577
2023-05-18,7.578
2023-05-19,7.575
2023-05-20,7.575
2023-05-21,7.575
2023-05-22,7.577
2023-05-23,7.577
2023-05-24,7.58
2023-05-25,7.582
2023-05-26,8.03
2023-05-27,8.03
2023-05-28,8.03
2023-05-29,8.067
2023-05-30,8.075
2023-05-31,8.073
2023-06-01,8.059
2023-06-02,8.059
2023-06-03,8.059
2023-06-04,8.059
2023-06-05,8.06
2023-06-06,8.059
2023-06-07,8.066
2023-06-08,8.067
2023-06-09,8.069
2023-06-10,8.069
2023-06-11,8.069
2023-06-12,8.067
2023-06-13,8.066
2023-06-14,8.067
2023-06-15,8.067
2023-06-16,8.067
2023-06-17,8.067
2023-06-18,8.067
2023-06-19,8.07
2023-06-20,8.091
2023-06-21,8.087
2023-06-22,8.078
2023-06-23,8.088
2023-06-24,8.088
2023-06-25,8.088
2023-06-26,8.078
2023-06-27,8.084
2023-06-28,8.088
2023-06-29,8.076
2023-06-30,8.112
2023-07-01,8.112
2023-07-02,8.112
2023-07-03,8.127
2023-07-04,8.115
2023-07-05,8.123
2023-07-06,8.126
2023-07-07,8.115
2023-07-08,8.115
2023-07-09,8.115
2023-07-10,8.124
2023-07-11,8.125
2023-07-12,8.127
2023-07-13,8.127
2023-07-14,8.125
2023-07-15,8.125
2023-07-16,8.125
2023-07-17,8.124
2023-07-18,8.125
2023-07-19,8.118
2023-07-20,8.125
2023-07-21,8.126
2023-07-22,8.126
2023-07-23,8.126
2023-07-24,8.131
2023-07-25,8.126
2023-07-26,8.126
2023-07-27,8.123
2023-07-28,8.123
2023-07-29,8.123
2023-07-30,8.123
2023-07-31,8.108
2023-08-01,8.109
2023-08-02,8.113
2023-08-03,8.109
2023-08-04,8.12
2023-08-05,8.12
2023-08-06,8.12
2023-08-07,8.113
2023-08-08,8.122
2023-08-09,8.122
2023-08-10,8.118
2023-08-11,8.112
2023-08-12,8.112
2023-08-13,8.112
2023-08-14,8.11
2023-08-15,8.11
2023-08-16,8.113
2023-08-17,8.119
2023-08-18,8.124
2023-08-19,8.124
2023-08-20,8.124
2023-08-21,8.121
2023-08-22,8.121
2023-08-23,8.123
2023-08-24,8.127
2023-08-25,8.127
2023-08-26,8.127
2023-08-27,8.127
2023-08-28,8.117
2023-08-29,8.126
2023-08-30,8.126
2023-08-31,8.127
2023-09-01,8.103
2023-09-02,8.103
2023-09-03,8.103
2023-09-04,8.116
2023-09-05,8.105
2023-09-06,8.11
2023-09-07,8.113
2023-09-08,8.114
2023-09-09,8.114
2023-09-10,8.114
2023-09-11,8.116
2023-09-12,8.116
2023-09-13,8.115
2023-09-14,8.114
2023-09-15,8.115
2023-09-16,8.115
2023-09-17,8.115
2023-09-18,8.114
2023-09-19,8.116
2023-09-20,8.119
2023-09-21,8.122
2023-09-22,8.12
2023-09-23,8.12
2023-09-24,8.12
2023-09-25,8.12
2023-09-26,8.113
2023-09-27,8.118
2023-09-28,8.116
2023-09-29,8.118
2023-09-30,8.118
2023-10-01,8.118
2023-10-02,8.116
2023-10-03,8.128
2023-10-04,8.132
2023-10-05,8.13
2023-10-06,8.131
2023-10-07,8.131
2023-10-08,8.131
2023-10-09,8.137
2023-10-10,8.137
2023-10-11,8.141
2023-10-12,8.149
2023-10-13,8.149
2023-10-14,8.149
2023-10-15,8.149
2023-10-16,8.142
2023-10-17,8.143
2023-10-18,8.143
2023-10-19,8.14
2023-10-20,8.157
2023-10-21,8.157
2023-10-22,8.157
2023-10-23,8.146
2023-10-24,8.146
2023-10-25,8.145
2023-10-26,8.15
2023-10-27,8.167
2023-10-28,8.167
2023-10-29,8.167
2023-10-30,8.152
2023-10-31,8.142
2023-11-01,8.14
2023-11-02,8.142
2023-11-03,8.182
2023-11-04,8.182
2023-11-05,8.182
2023-11-06,8.133
2023-11-07,8.133
2023-11-08,8.136
2023-11-09,8.136
2023-11-10,8.142
2023-11-11,8.142
2023-11-12,8.142
2023-11-13,8.134
2023-11-14,8.14
2023-11-15,8.14
2023-11-16,8.135
2023-11-17,8.149
2023-11-18,8.149
2023-11-19,8.149
2023-11-20,8.133
2023-11-21,8.134
2023-11-22,8.136
2023-11-23,8.142
2023-11-24,8.155
2023-11-25,8.155
2023-11-26,8.155
2023-11-27,8.144
2023-11-28,8.148
2023-11-29,8.132
2023-11-30,8.15
2023-12-01,8.126
2023-12-02,8.126
2023-12-03,8.126
2023-12-04,8.114
2023-12-05,8.116
2023-12-06,8.117
2023-12-07,8.114
2023-12-08,8.118
2023-12-09,8.118
2023-12-10,8.118
2023-12-11,8.12
2023-12-12,8.131
2023-12-13,8.124
2023-12-14,8.134
2023-12-15,8.134
2023-12-16,8.134
2023-12-17,8.134
2023-12-18,8.127
2023-12-19,8.123
2023-12-20,8.146
2023-12-21,8.148
2023-12-22,8.129
2023-12-23,8.129
2023-12-24,8.129
2023-12-25,8.129
2023-12-26,8.129
2023-12-27,8.136
2023-12-28,8.121
2023-12-29,8.124
2023-12-30,8.124
2023-12-31,8.124
2024-01-01,8.124
2024-01-02,8.125
2024-01-03,8.116
2024-01-04,8.119
2024-01-05,8.124
2024-01-06,8.124
2024-01-07,8.124
2024-01-08,8.118
2024-01-09,8.136
2024-01-10,8.122
2024-01-11,8.12
2024-01-12,8.128
2024-01-13,8.128
2024-01-14,8.128
2024-01-15,8.122
2024-01-16,8.12
2024-01-17,8.122
2024-01-18,8.123
2024-01-19,8.123
2024-01-20,8.123
2024-01-21,8.123
2024-01-22,8.124
2024-01-23,8.125
2024-01-24,8.124
2024-01-25,8.126
2024-01-26,8.132
2024-01-27,8.132
2024-01-28,8.132
2024-01-29,8.13
2024-01-30,8.131
2024-01-31,8.13
2024-02-01,8.123
2024-02-02,8.142
2024-02-03,8.142
2024-02-04,8.142
2024-02-05,8.116
2024-02-06,8.114
2024-02-07,8.116
2024-02-08,8.122
2024-02-09,8.12
2024-02-10,8.12
2024-02-11,8.12
2024-02-12,8.12
2024-02-13,8.121
2024-02-14,8.121
2024-02-15,8.124
2024-02-16,8.13
2024-02-17,8.13
2024-02-18,8.13
2024-02-19,8.122
2024-02-20,8.124
2024-02-21,8.124
2024-02-22,8.126
2024-02-23,8.134
2024-02-24,8.134
2024-02-25,8.134
2024-02-26,8.128
2024-02-27,8.127
2024-02-28,8.129
2024-02-29,8.128
2024-03-01,8.127
2024-03-02,8.127
2024-03-03,8.127
2024-03-04,8.12
2024-03-05,8.117
2024-03-06,8.118
2024-03-07,8.123
2024-03-08,8.133
2024-03-09,8.133
2024-03-10,8.133
2024-03-11,8.125
2024-03-12,8.124
2024-03-13,8.122
2024-03-14,8.125
2024-03-15,8.122
2024-03-16,8.122
2024-03-17,8.122
2024-03-18,8.125
2024-03-19,8.122
2024-03-20,8.128
2024-03-21,8.128
2024-03-22,8.131
2024-03-23,8.131
2024-03-24,8.131
2024-03-25,8.128
2024-03-26,8.129
2024-03-27,8.131
2024-03-28,8.126
2024-03-29,8.126
2024-03-30,8.126
2024-03-31,8.126
2024-04-01,8.126
2024-04-02,8.125
2024-04-03,8.125
2024-04-04,8.126
2024-04-05,8.132
2024-04-06,8.132
2024-04-07,8.132
2024-04-08,8.127
2024-04-09,8.126
2024-04-10,8.123
2024-04-11,8.126
2024-04-12,8.129
2024-04-13,8.129
2024-04-14,8.129
2024-04-15,8.118
2024-04-16,8.117
2024-04-17,8.118
2024-04-18,8.123
2024-04-19,8.122
2024-04-20,8.122
2024-04-21,8.122
2024-04-22,8.118
2024-04-23,8.117
2024-04-24,8.121
2024-04-25,8.121
2024-04-26,8.13
2024-04-27,8.13
2024-04-28,8.13
2024-04-29,8.125
2024-04-30,8.111
2024-05-01,8.111
2024-05-02,8.122
2024-05-03,8.118
2024-05-04,8.118
2024-05-05,8.118
2024-05-06,8.111
2024-05-07,8.114
2024-05-08,8.112
2024-05-09,8.113
2024-05-10,8.126
2024-05-11,8.126
2024-05-12,8.126
2024-05-13,8.119
2024-05-14,8.116
2024-05-15,8.118
2024-05-16,8.118
2024-05-17,8.126
2024-05-18,8.126
2024-05-19,8.126
2024-05-20,8.121
2024-05-21,8.12
2024-05-22,8.122
2024-05-23,8.127
2024-05-24,8.127
2024-05-25,8.127
2024-05-26,8.127
2024-05-27,8.124
2024-05-28,8.127
2024-05-29,8.127
2024-05-30,8.126
2024-05-31,8.114
2024-06-01,8.114
2024-06-02,8.114
2024-06-03,8.127
2024-06-04,8.123
2024-06-05,8.125
2024-06-06,8.128
2024-06-07,8.133
2024-06-08,8.133
2024-06-09,8.133
2024-06-10,8.127
2024-06-11,8.127
2024-06-12,8.128
2024-06-13,8.126
2024-06-14,8.136
2024-06-15,8.136
2024-06-16,8.136
2024-06-17,8.136
2024-06-18,8.124
2024-06-19,8.126
2024-06-20,8.125
2024-06-21,8.126
2024-06-22,8.126
2024-06-23,8.126
2024-06-24,8.134
2024-06-25,8.13
2024-06-26,8.129
2024-06-27,8.127
2024-06-28,8.135
2024-06-29,8.135
2024-06-30,8.135
2024-07-01,8.129
2024-07-02,8.126
2024-07-03,8.124
2024-07-04,8.12
2024-07-05,8.131
2024-07-06,8.131
2024-07-07,8.131
2024-07-08,8.131
2024-07-09,8.126
2024-07-10,8.124
2024-07-11,8.117
2024-07-12,8.124
2024-07-13,8.124
2024-07-14,8.124
2024-07-15,8.114
2024-07-16,8.114
2024-07-17,8.113
2024-07-18,8.116
2024-07-19,8.111
2024-07-20,8.111
2024-07-21,8.111
2024-07-22,8.116
2024-07-23,8.114
2024-07-24,8.117
2024-07-25,8.117
2024-07-26,8.125
2024-07-27,8.125
2024-07-28,8.125
2024-07-29,8.12
2024-07-30,8.123
2024-07-31,8.121
2024-08-01,8.122
2024-08-02,8.125
2024-08-03,8.125
2024-08-04,8.125
2024-08-05,8.117
2024-08-06,8.115
2024-08-07,8.111
2024-08-08,8.114
2024-08-09,8.114
2024-08-10,8.114
2024-08-11,8.114
2024-08-12,8.116
2024-08-13,8.115
2024-08-14,8.117
2024-08-15,8.116
2024-08-16,8.122
2024-08-17,8.122
2024-08-18,8.122
2024-08-19,8.118
2024-08-20,8.12
2024-08-21,8.12
2024-08-22,8.125
2024-08-23,8.135
2024-08-24,8.135
2024-08-25,8.135
2024-08-26,8.126
2024-08-27,8.125
2024-08-28,8.121
2024-08-29,8.128
2024-08-30,8.13
2024-08-31,8.13
2024-09-01,8.13
2024-09-02,8.118
2024-09-03,8.118
2024-09-04,8.116
2024-09-05,8.116
2024-09-06,8.127
2024-09-07,8.127
2024-09-08,8.127
2024-09-09,8.12
2024-09-10,8.121
2024-09-11,8.121
2024-09-12,8.121
2024-09-13,8.129
2024-09-14,8.129
2024-09-15,8.129
2024-09-16,8.118
2024-09-17,8.116
2024-09-18,8.116
2024-09-19,8.119
2024-09-20,7.896
2024-09-21,7.896
2024-09-22,7.896
2024-09-23,7.881
2024-09-24,7.881
2024-09-25,7.884
2024-09-26,7.884
2024-09-27,7.902
2024-09-28,7.902
2024-09-29,7.902
2024-09-30,7.882
2024-10-01,7.883
2024-10-02,7.878
2024-10-03,7.871
2024-10-04,7.878
2024-10-05,7.878
2024-10-06,7.878
2024-10-07,7.869
2024-10-08,7.872
2024-10-09,7.872
2024-10-10,7.869
2024-10-11,7.88
2024-10-12,7.88
2024-10-13,7.88
2024-10-14,7.875
2024-10-15,7.871
2024-10-16,7.872
2024-10-17,7.874
2024-10-18,7.882
2024-10-19,7.882
2024-10-20,7.882
2024-10-21,7.875
2024-10-22,7.875
2024-10-23,7.878
2024-10-24,7.881
2024-10-25,7.887
2024-10-26,7.887
2024-10-27,7.887
2024-10-28,7.877
2024-10-29,7.876
2024-10-30,7.875
2024-10-31,7.878
2024-11-01,7.881
2024-11-02,7.881
2024-11-03,7.881
2024-11-04,7.869
2024-11-05,7.87
2024-11-06,7.871
2024-11-07,7.874
2024-11-08,7.881
2024-11-09,7.881
2024-11-10,7.881
2024-11-11,7.873
2024-11-12,7.872
2024-11-13,7.875
2024-11-14,7.875
2024-11-15,7.885
2024-11-16,7.885
2024-11-17,7.885
2024-11-18,7.875
2024-11-19,7.876
2024-11-20,7.878
2024-11-21,7.832
2024-11-22,7.645
2024-11-23,7.645
2024-11-24,7.645
2024-11-25,7.629
2024-11-26,7.623
2024-11-27,7.624
2024-11-28,7.624
2024-11-29,7.625
2024-11-30,7.625
2024-12-01,7.625
2024-12-02,7.623
2024-12-03,7.62
2024-12-04,7.617
2024-12-05,7.622
2024-12-06,7.625
2024-12-07,7.625
2024-12-08,7.625
2024-12-09,7.622
2024-12-10,7.622
2024-12-11,7.622
2024-12-12,7.627
2024-12-13,7.634
2024-12-14,7.634
2024-12-15,7.634
2024-12-16,7.634
2024-12-17,7.621
2024-12-18,7.621
2024-12-19,7.623
2024-12-20,7.636
2024-12-21,7.636
2024-12-22,7.636
2024-12-23,7.622
2024-12-24,7.633
2024-12-25,7.633
2024-12-26,7.633
2024-12-27,7.631
2024-12-28,7.631
2024-12-29,7.631
2024-12-30,7.621
2024-12-31,7.626
2025-01-01,7.626
2025-01-02,7.617
2025-01-03,7.622
2025-01-04,7.622
2025-01-05,7.622
2025-01-06,7.61
2025-01-07,7.611
2025-01-08,7.611
2025-01-09,7.614
2025-01-10,7.628
2025-01-11,7.628
2025-01-12,7.628
2025-01-13,7.611
2025-01-14,7.611
2025-01-15,7.62
2025-01-16,7.614
2025-01-17,7.61
2025-01-18,7.61
2025-01-19,7.61
2025-01-20,7.615
2025-01-21,7.613
2025-01-22,7.614
2025-01-23,7.615
2025-01-24,7.635
2025-01-25,7.635
2025-01-26,7.635
2025-01-27,7.614
2025-01-28,7.62
2025-01-29,7.617
2025-01-30,7.619
2025-01-31,7.405
2025-02-01,7.405
2025-02-02,7.405
2025-02-03,7.357
2025-02-04,7.354
2025-02-05,7.357
2025-02-06,7.359
2025-02-07,7.374
2025-02-08,7.374
2025-02-09,7.374
2025-02-10,7.362
2025-02-11,7.354
2025-02-12,7.355
2025-02-13,7.357
2025-02-14,7.357
2025-02-15,7.357
2025-02-16,7.357
2025-02-17,7.349
2025-02-18,7.353
2025-02-19,7.359
2025-02-20,7.357
2025-02-21,7.374
2025-02-22,7.374
2025-02-23,7.374
2025-02-24,7.363
2025-02-25,7.365
2025-02-26,7.364
2025-02-27,7.365
2025-02-28,7.357
2025-03-01,7.357
2025-03-02,7.357
2025-03-03,7.357
2025-03-04,7.355
2025-03-05,7.359
2025-03-06,7.359
2025-03-07,7.374
2025-03-08,7.374
2025-03-09,7.374
2025-03-10,7.357
2025-03-11,7.357
2025-03-12,7.354
2025-03-13,7.36
2025-03-14,7.373
2025-03-15,7.373
2025-03-16,7.373
2025-03-17,7.359
2025-03-18,7.357
2025-03-19,7.361
2025-03-20,7.373
2025-03-21,7.373
2025-03-22,7.373
2025-03-23,7.373
2025-03-24,7.363
2025-03-25,7.363
2025-03-26,7.361
2025-03-27,7.369
2025-03-28,7.373
2025-03-29,7.373
2025-03-30,7.373
2025-03-31,7.362
2025-04-01,7.365
2025-04-02,7.363
2025-04-03,7.359
2025-04-04,7.369
2025-04-05,7.369
2025-04-06,7.369
2025-04-07,7.359
2025-04-08,7.358
2025-04-09,7.358
2025-04-10,7.36
2025-04-11,7.366
2025-04-12,7.366
2025-04-13,7.366
2025-04-14,7.36
2025-04-15,7.359
2025-04-16,7.359
2025-04-17,7.36
2025-04-18,7.36
2025-04-19,7.36
2025-04-20,7.36
2025-04-21,7.36
2025-04-22,7.359
2025-04-23,7.364
2025-04-24,7.371
2025-04-25,7.38
2025-04-26,7.38
2025-04-27,7.38
2025-04-28,7.38
2025-04-29,7.368
2025-04-30,7.365
2025-05-01,7.365
2025-05-02,7.37
2025-05-03,7.37
2025-05-04,7.37
2025-05-05,7.354
2025-05-06,7.353
2025-05-07,7.354
2025-05-08,7.351
2025-05-09,7.352
2025-05-10,7.352
2025-05-11,7.352
2025-05-12,7.35
2025-05-13,7.349
2025-05-14,7.347
2025-05-15,7.354
2025-05-16,7.352
2025-05-17,7.352
2025-05-18,7.352
2025-05-19,7.352
2025-05-20,7.353
2025-05-21,7.353
2025-05-22,7.355
2025-05-23,7.361
2025-05-24,7.361
2025-05-25,7.361
2025-05-26,7.358
2025-05-27,7.359
2025-05-28,7.361
2025-05-29,7.361
2025-05-30,7.129
2025-05-31,7.129
2025-06-01,7.129
2025-06-02,7.107
2025-06-03,7.105
2025-06-04,7.103
2025-06-05,7.111
2025-06-06,7.108
2025-06-07,7.108
2025-06-08,7.108
2025-06-09,7.11
2025-06-10,7.108
2025-06-11,7.109
2025-06-12,7.107
2025-06-13,7.107
2025-06-14,7.107
2025-06-15,7.107
2025-06-16,7.107
2025-06-17,7.107
2025-06-18,7.103
2025-06-19,7.106
2025-06-20,7.109
2025-06-21,7.109
2025-06-22,7.109
2025-06-23,7.107
2025-06-24,7.111
2025-06-25,7.111
2025-06-26,7.113
2025-06-27,7.116
2025-06-28,7.116
2025-06-29,7.116
2025-06-30,7.121
2025-07-01,7.109
2025-07-02,7.106
2025-07-03,7.105
2025-07-04,7.106
2025-07-05,7.106
2025-07-06,7.106
2025-07-07,7.105
2025-07-08,7.103
2025-07-09,7.102
2025-07-10,7.101
2025-07-11,7.103
2025-07-12,7.103
2025-07-13,7.103
2025-07-14,7.098
2025-07-15,7.101
2025-07-16,7.104
2025-07-17,7.104
2025-07-18,7.104
2025-07-19,7.104
2025-07-20,7.104
2025-07-21,7.103
2025-07-22,7.104
2025-07-23,7.104
2025-07-24,7.108
2025-07-25,7.106
2025-07-26,7.106
2025-07-27,7.106
2025-07-28,7.111
2025-07-29,7.107
2025-07-30,7.109
2025-07-31,7.108
2025-08-01,6.882
2025-08-02,6.882
2025-08-03,6.882
2025-08-04,6.853
2025-08-05,6.854
2025-08-06,6.854
2025-08-07,6.851
2025-08-08,6.854
2025-08-09,6.854
2025-08-10,6.854
2025-08-11,6.852
2025-08-12,6.852
2025-08-13,6.849
2025-08-14,6.853
2025-08-15,6.855
2025-08-16,6.855
2025-08-17,6.855
2025-08-18,6.853
2025-08-19,6.854
2025-08-20,6.851
2025-08-21,6.854
2025-08-22,6.871
2025-08-23,6.871
2025-08-24,6.871
2025-08-25,6.851
2025-08-26,6.855
2025-08-27,6.856
2025-08-28,6.858
2025-08-29,6.877
2025-08-30,6.877
2025-08-31,6.877
2025-09-01,6.853
2025-09-02,6.85
2025-09-03,6.85
2025-09-04,6.852
2025-09-05,6.852
2025-09-06,6.852
2025-09-07,6.852
2025-09-08,6.852
2025-09-09,6.849
2025-09-10,6.853
2025-09-11,6.854
2025-09-12,6.867
2025-09-13,6.867
2025-09-14,6.867
2025-09-15,6.851
2025-09-16,6.854
2025-09-17,6.851
2025-09-18,6.853
2025-09-19,6.852
2025-09-20,6.852
2025-09-21,6.852
2025-09-22,6.851
2025-09-23,6.874
2025-09-24,6.874
2025-09-25,6.856
2025-09-26,6.855
2025-09-27,6.855
2025-09-28,6.855
2025-09-29,6.855
2025-09-30,6.86
2025-10-01,6.857
2025-10-02,6.853
2025-10-03,6.863
2025-10-04,6.863
2025-10-05,6.863
2025-10-06,6.851
2025-10-07,6.844
2025-10-08,6.849
2025-10-09,6.852
2025-10-10,6.863
2025-10-11,6.863
2025-10-12,6.863
2025-10-13,6.846
2025-10-14,6.851
2025-10-15,6.849
2025-10-16,6.851
2025-10-17,6.865
2025-10-18,6.865
2025-10-19,6.865
2025-10-20,6.855
2025-10-21,6.855
2025-10-22,6.853
2025-10-23,6.856
2025-10-24,6.868
2025-10-25,6.868
2025-10-26,6.868
2025-10-27,6.854
2025-10-28,6.858
2025-10-29,6.858
2025-10-30,6.855
2025-10-31,6.852
2025-11-01,6.852
2025-11-02,6.852
2025-11-03,6.853
2025-11-04,6.851
2025-11-05,6.85
2025-11-06,6.848
2025-11-07,6.846
2025-11-08,6.846
2025-11-09,6.846
2025-11-10,6.844
2025-11-11,6.842
2025-11-12,6.848
2025-11-13,6.846
2025-11-14,6.859
2025-11-15,6.859
2025-11-16,6.859
2025-11-17,6.848
2025-11-18,6.848
2025-11-19,6.851
2025-11-20,6.851
2025-11-21,6.616
2025-11-22,6.616
2025-11-23,6.616
2025-11-24,6.606
2025-11-25,6.611
2025-11-26,6.604
2025-11-27,6.608
2025-11-28,6.607
2025-11-29,6.607
2025-11-30,6.607
2025-12-01,6.6
2025-12-02,6.597
2025-12-03,6.596
2025-12-04,6.597
2025-12-05,6.61
2025-12-06,6.61
2025-12-07,6.61
2025-12-08,6.596
2025-12-09,6.593
2025-12-10,6.597
2025-12-11,6.603
2025-12-12,6.612
2025-12-13,6.612
2025-12-14,6.612
2025-12-15,6.599
2025-12-16,6.599
2025-12-17,6.604
2025-12-18,6.602
2025-12-19,6.614
2025-12-20,6.614
2025-12-21,6.614
2025-12-22,6.59
2025-12-23,6.597
2025-12-24,6.594
2025-12-25,6.594
2025-12-26,6.594
2025-12-27,6.594
2025-12-28,6.594
2025-12-29,6.6
2025-12-30,6.6
2025-12-31,6.608
2026-01-01,6.608
2026-01-02,6.608
2026-01-03,6.608
2026-01-04,6.608
2026-01-05,6.596
2026-01-06,6.594
2026-01-07,6.588
2026-01-08,6.588
2026-01-09,6.592
2026-01-10,6.592
2026-01-11,6.592
2026-01-12,6.597
2026-01-13,6.595
2026-01-14,6.593
2026-01-15,6.6
2026-01-16,6.608
2026-01-17,6.608
2026-01-18,6.608
2026-01-19,6.601
2026-01-20,6.599
2026-01-21,6.602
2026-01-22,6.602
2026-01-23,6.599
2026-01-24,6.599
2026-01-25,6.599
2026-01-26,6.601
2026-01-27,6.601
2026-01-28,6.603
2026-01-29,6.6
2026-01-30,6.609
2026-01-31,6.609
2026-02-01,6.609
2026-02-02,6.6
2026-02-03,6.596
2026-02-04,6.594
2026-02-05,6.598
2026-02-06,6.608
2026-02-07,6.608
2026-02-08,6.608
2026-02-09,6.604
2026-02-10,6.603
2026-02-11,6.603
2026-02-12,6.603
2026-02-13,6.602
2026-02-14,6.602
2026-02-15,6.602
2026-02-16,6.602
2026-02-17,6.601
2026-02-18,6.602
2026-02-19,6.602
2026-02-20,6.597
2026-02-21,6.597
2026-02-22,6.597
2026-02-23,6.601
2026-02-24,6.602
2026-02-25,6.606
2026-02-26,6.602
2026-02-27,6.61
2026-02-28,6.61
2026-03-01,6.61
2026-03-02,6.595
2026-03-03,6.59
2026-03-04,6.594
2026-03-05,6.595
2026-03-06,6.599
2026-03-07,6.599
2026-03-08,6.599
2026-03-09,6.593
2026-03-10,6.599
2026-03-11,6.599
2026-03-12,6.599
2026-03-13,6.608
2026-03-14,6.608
2026-03-15,6.608
2026-03-16,6.6
2026-03-17,6.604
2026-03-18,6.6
2026-03-19,6.603
2026-03-20,6.615
2026-03-21,6.615
2026-03-22,6.615
2026-03-23,6.612
2026-03-24,6.61
2026-03-25,6.611
2026-03-26,6.613
2026-03-27,6.617
2026-03-28,6.617
2026-03-29,6.617
2026-03-30,6.602
2026-03-31,6.599
2026-04-01,6.606
2026-04-02,6.617
2026-04-03,6.617
2026-04-04,6.617
2026-04-05,6.617
2026-04-06,6.617
2026-04-07,6.599
2026-04-08,6.603
2026-04-09,6.603
2026-04-10,6.611
2026-04-11,6.611
2026-04-12,6.611
2026-04-13,6.596
2026-04-14,6.598
2026-04-15,6.599
2026-04-16,6.598
2026-04-17,6.602
2026-04-18,6.602
2026-04-19,6.602
2026-04-20,6.6
2026-04-21,6.604
2026-04-22,6.604
2026-04-23,6.608
2026-04-24,6.614
2026-04-25,6.614
2026-04-26,6.614
2026-04-27,6.614
2026-04-28,6.604
2026-04-29,6.607
2026-04-30,6.607
2026-05-01,6.607
